datetime,open,close,high,low,volume,money,open_interest
2024-07-25 21:45:00,768.081,770.567,771.607,767.696,27949.0,2157142800.0,772491.0
2024-07-25 22:00:00,770.607,771.16,772.589,770.183,22963.0,1775558550.0,772666.0
2024-07-25 22:15:00,771.468,770.853,772.8,770.119,15985.0,1235435800.0,770063.0
2024-07-25 22:30:00,770.818,771.578,772.842,770.818,11389.0,881551850.0,770714.0
2024-07-25 22:45:00,771.803,773.279,774.348,771.047,19930.0,1546410800.0,766967.0
2024-07-25 23:00:00,773.525,774.773,777.134,773.264,31892.0,2479894750.0,760892.0
2024-07-26 09:15:00,773.854,773.679,777.206,771.867,44626.0,3454913750.0,755883.0
2024-07-26 09:30:00,773.492,774.334,775.352,772.889,15331.0,1187594900.0,754509.0
2024-07-26 09:45:00,774.413,777.954,778.148,774.218,19170.0,1489726850.0,752195.0
2024-07-26 10:00:00,778.496,779.894,782.035,778.31,38858.0,3038016650.0,749290.0
2024-07-26 10:15:00,780.099,775.788,780.099,774.978,19329.0,1504308550.0,748498.0
2024-07-26 10:45:00,774.901,775.367,775.984,773.387,20164.0,1563970850.0,747987.0
2024-07-26 11:00:00,775.106,775.001,775.722,773.157,9816.0,761618600.0,748156.0
2024-07-26 11:15:00,775.071,775.263,776.352,774.064,7018.0,545338150.0,748792.0
2024-07-26 11:30:00,775.075,774.121,778.238,773.729,13767.0,1069488250.0,747533.0
2024-07-26 13:45:00,774.143,774.924,775.595,773.103,9661.0,748239500.0,747144.0
2024-07-26 14:00:00,774.737,775.58,776.858,773.426,9239.0,718409900.0,745644.0
2024-07-26 14:15:00,775.578,776.064,778.723,774.782,16687.0,1296269450.0,746162.0
2024-07-26 14:30:00,776.32,775.307,776.967,774.142,10006.0,776613850.0,745907.0
2024-07-26 14:45:00,775.289,772.094,775.95,771.301,19451.0,1507027900.0,743728.0
2024-07-26 15:00:00,771.858,771.033,774.07,769.518,33175.0,2563693700.0,741922.0
2024-07-26 21:15:00,771.386,769.266,772.229,767.4,41867.0,3230969200.0,745876.0
2024-07-26 21:30:00,769.32,771.654,773.258,768.883,18438.0,1425475250.0,745934.0
2024-07-26 21:45:00,771.848,771.613,772.274,770.241,8848.0,685146600.0,746097.0
2024-07-26 22:00:00,771.863,769.969,772.545,769.24,7556.0,584325650.0,746782.0
2024-07-26 22:15:00,769.937,771.168,771.741,769.222,6017.0,464758500.0,746709.0
2024-07-26 22:30:00,770.882,770.154,771.176,769.765,4045.0,312846550.0,746413.0
2024-07-26 22:45:00,770.147,772.966,772.966,767.712,14434.0,1111375850.0,746067.0
2024-07-26 23:00:00,772.627,770.542,774.076,769.937,15162.0,1172158200.0,745549.0
2024-07-29 09:15:00,769.962,774.498,775.841,767.984,41650.0,3221125150.0,746254.0
2024-07-29 09:30:00,774.538,765.917,774.992,765.724,27211.0,2100023950.0,750034.0
2024-07-29 09:45:00,765.63,763.911,765.872,762.426,39688.0,3035892600.0,751299.0
2024-07-29 10:00:00,763.753,766.143,766.351,759.546,33885.0,2590082350.0,749724.0
2024-07-29 10:15:00,765.907,768.505,768.919,764.811,17946.0,1377021450.0,749251.0
2024-07-29 10:45:00,768.353,767.577,769.617,765.374,14380.0,1107361550.0,748820.0
2024-07-29 11:00:00,767.877,767.84,768.543,765.815,8930.0,686604400.0,748850.0
2024-07-29 11:15:00,768.076,764.964,768.264,764.521,9119.0,700546700.0,748016.0
2024-07-29 11:30:00,764.931,768.019,768.255,762.937,15054.0,1156659250.0,747356.0
2024-07-29 13:45:00,768.401,770.571,770.571,766.004,22091.0,1705364350.0,746878.0
2024-07-29 14:00:00,770.639,769.975,773.72,769.191,23432.0,1813417050.0,746134.0
2024-07-29 14:15:00,770.202,772.98,773.013,769.668,11109.0,858034150.0,747014.0
2024-07-29 14:30:00,773.052,770.583,773.494,769.293,13198.0,1021394700.0,747866.0
2024-07-29 14:45:00,770.79,769.213,772.212,768.474,9159.0,707159650.0,747951.0
2024-07-29 15:00:00,769.15,770.377,772.03,765.362,27660.0,2131070700.0,746373.0
2024-07-29 21:15:00,772.009,772.746,776.893,770.496,44068.0,3422421850.0,750186.0
2024-07-29 21:30:00,772.325,770.723,773.343,770.52,16247.0,1259598700.0,751906.0
2024-07-29 21:45:00,770.445,764.929,770.859,764.747,30466.0,2345113550.0,755712.0
2024-07-29 22:00:00,764.68,765.661,766.808,763.462,20110.0,1543398650.0,756089.0
2024-07-29 22:15:00,765.62,765.04,766.001,763.731,12142.0,930005400.0,757236.0
2024-07-29 22:30:00,764.859,765.799,768.251,763.912,13083.0,1005366200.0,757037.0
2024-07-29 22:45:00,765.937,764.813,766.736,764.614,9571.0,732307600.0,757695.0
2024-07-29 23:00:00,765.077,764.16,765.887,763.64,9891.0,758550550.0,755620.0
2024-07-30 09:15:00,764.541,765.152,767.254,763.947,16461.0,1262578450.0,756061.0
2024-07-30 09:30:00,765.208,760.998,765.643,760.117,30353.0,2315686400.0,757857.0
2024-07-30 09:45:00,760.779,757.545,762.594,757.178,25610.0,1951649450.0,760374.0
2024-07-30 10:00:00,757.552,758.42,760.205,756.648,18482.0,1405685000.0,762082.0
2024-07-30 10:15:00,758.151,757.57,759.298,756.211,13196.0,1001190400.0,763857.0
2024-07-30 10:45:00,757.118,759.8,759.8,756.013,14805.0,1126068650.0,764089.0
2024-07-30 11:00:00,759.861,755.61,760.776,754.679,22268.0,1688655900.0,766164.0
2024-07-30 11:15:00,756.031,753.686,756.031,751.946,28871.0,2180661800.0,769841.0
2024-07-30 11:30:00,753.551,752.177,753.987,750.459,23939.0,1803753550.0,771575.0
2024-07-30 13:45:00,751.664,753.794,756.217,749.745,36295.0,2739079750.0,772628.0
2024-07-30 14:00:00,753.995,753.571,754.386,750.256,20706.0,1562068000.0,774891.0
2024-07-30 14:15:00,753.567,749.677,755.244,749.677,18738.0,1413270350.0,775508.0
2024-07-30 14:30:00,749.242,747.95,749.875,745.318,42593.0,3190524800.0,779194.0
2024-07-30 14:45:00,747.85,743.667,748.049,742.988,33607.0,2507899100.0,779145.0
2024-07-30 15:00:00,743.854,745.253,745.678,740.602,50702.0,3773049350.0,778453.0
2024-07-30 21:15:00,745.209,744.144,745.753,740.761,43368.0,3232968950.0,783769.0
2024-07-30 21:30:00,743.874,742.254,744.609,740.478,16006.0,1191809650.0,785535.0
2024-07-30 21:45:00,742.495,743.19,744.536,741.988,12684.0,946452600.0,785409.0
2024-07-30 22:00:00,742.916,742.105,743.536,740.833,10860.0,809426600.0,786581.0
2024-07-30 22:15:00,741.898,743.753,743.937,739.611,21179.0,1576806950.0,787991.0
2024-07-30 22:30:00,743.68,752.103,752.353,743.263,47129.0,3534406100.0,782510.0
2024-07-30 22:45:00,752.107,754.633,757.115,751.474,58265.0,4405918400.0,778400.0
2024-07-30 23:00:00,754.635,755.024,755.45,750.073,31364.0,2370546450.0,775528.0
2024-07-31 09:15:00,755.407,753.566,756.606,751.768,30052.0,2270150750.0,773022.0
2024-07-31 09:30:00,753.348,754.068,755.431,752.598,13160.0,993791900.0,772526.0
2024-07-31 09:45:00,754.057,759.086,761.241,751.722,40203.0,3048047900.0,771801.0
2024-07-31 10:00:00,759.291,764.267,765.513,757.56,48816.0,3721818800.0,769079.0
2024-07-31 10:15:00,764.284,762.399,764.877,760.113,20581.0,1571951700.0,768659.0
2024-07-31 10:45:00,762.894,766.768,769.275,762.054,43065.0,3302907550.0,763198.0
2024-07-31 11:00:00,767.276,765.313,767.521,763.797,17340.0,1328373200.0,761166.0
2024-07-31 11:15:00,765.427,764.162,766.623,762.4,17442.0,1332163750.0,760659.0
2024-07-31 11:30:00,764.329,764.054,764.575,762.504,8512.0,650554650.0,760055.0
2024-07-31 13:45:00,764.361,760.915,768.237,759.426,33558.0,2565740600.0,759942.0
2024-07-31 14:00:00,760.497,761.191,761.403,758.655,18637.0,1417114750.0,761464.0
2024-07-31 14:15:00,761.143,758.792,762.232,758.548,12693.0,967165850.0,761033.0
2024-07-31 14:30:00,758.522,756.144,758.748,753.884,28868.0,2182699500.0,763372.0
2024-07-31 14:45:00,756.085,756.324,758.514,755.634,12730.0,965009600.0,763378.0
2024-07-31 15:00:00,756.363,756.516,757.747,753.617,21840.0,1654125750.0,759766.0
2024-07-31 21:15:00,761.539,760.132,764.108,759.88,58013.0,4419807200.0,760375.0
2024-07-31 21:30:00,759.871,763.41,763.484,758.547,23579.0,1791086850.0,763528.0
2024-07-31 21:45:00,763.712,770.862,774.222,763.145,81858.0,6301153050.0,753663.0
2024-07-31 22:00:00,771.434,772.899,774.565,770.485,29809.0,2303203900.0,752240.0
2024-07-31 22:15:00,773.243,773.743,774.686,771.983,18101.0,1403601700.0,753025.0
2024-07-31 22:30:00,773.732,774.44,775.471,772.342,14385.0,1112729500.0,751450.0
2024-07-31 22:45:00,774.314,774.311,775.128,773.635,11975.0,926151950.0,752163.0
2024-07-31 23:00:00,774.528,774.787,775.242,773.42,15013.0,1163635800.0,749713.0
2024-08-01 09:15:00,774.454,774.534,779.734,774.317,55969.0,4349805950.0,751550.0
2024-08-01 09:30:00,774.515,774.071,775.536,773.19,18470.0,1429100050.0,751901.0
2024-08-01 09:45:00,774.189,772.909,775.121,772.454,15055.0,1164059500.0,752328.0
2024-08-01 10:00:00,772.746,771.882,773.583,769.833,21448.0,1654534350.0,752405.0
2024-08-01 10:15:00,771.677,771.553,772.359,768.473,21541.0,1659077000.0,751544.0
2024-08-01 10:45:00,772.035,769.603,772.035,768.581,15201.0,1167658650.0,751280.0
2024-08-01 11:00:00,769.378,766.386,769.402,765.058,26610.0,2034556700.0,752842.0
2024-08-01 11:15:00,766.153,765.565,766.955,764.448,20109.0,1537160150.0,753091.0
2024-08-01 11:30:00,765.832,764.966,765.907,761.267,29128.0,2217625450.0,752371.0
2024-08-01 13:45:00,764.903,772.909,773.139,764.339,41568.0,3193108900.0,750070.0
2024-08-01 14:00:00,772.964,771.19,774.061,769.542,22559.0,1737408300.0,751371.0
2024-08-01 14:15:00,771.243,766.949,771.789,766.563,18493.0,1418157300.0,751465.0
2024-08-01 14:30:00,766.91,768.928,770.615,766.372,14780.0,1134636700.0,751249.0
2024-08-01 14:45:00,768.567,766.938,771.129,765.526,16696.0,1279193900.0,750215.0
2024-08-01 15:00:00,766.977,773.172,774.19,766.977,30919.0,2382672650.0,745510.0
2024-08-01 21:15:00,769.267,765.395,770.144,761.039,65083.0,4968755950.0,754423.0
2024-08-01 21:30:00,765.296,769.864,770.98,764.651,31713.0,2432387900.0,752437.0
2024-08-01 21:45:00,769.576,768.819,770.931,768.21,14444.0,1109080950.0,752907.0
2024-08-01 22:00:00,768.78,770.104,771.746,767.445,17319.0,1332908050.0,754097.0
2024-08-01 22:15:00,770.097,767.603,770.823,766.896,14411.0,1103819100.0,753369.0
2024-08-01 22:30:00,767.609,765.07,767.839,764.259,21994.0,1682779750.0,755694.0
2024-08-01 22:45:00,765.051,764.894,765.844,763.533,10560.0,806754450.0,756860.0
2024-08-01 23:00:00,764.479,763.687,765.507,762.748,13478.0,1028656050.0,754933.0
2024-08-02 09:15:00,762.405,757.327,762.405,755.077,70494.0,5327811800.0,761643.0
2024-08-02 09:30:00,757.017,757.289,760.322,754.931,26320.0,1988811800.0,761819.0
2024-08-02 09:45:00,756.872,762.308,762.308,755.509,23733.0,1796726750.0,762507.0
2024-08-02 10:00:00,762.376,762.729,764.144,760.565,25141.0,1914222600.0,759163.0
2024-08-02 10:15:00,763.046,762.36,764.971,761.59,18194.0,1383739250.0,759054.0
2024-08-02 10:45:00,761.604,761.429,762.701,760.054,14525.0,1104197250.0,759708.0
2024-08-02 11:00:00,761.552,764.133,764.968,759.958,16230.0,1236599650.0,758674.0
2024-08-02 11:15:00,764.463,767.509,767.719,764.463,25563.0,1953691150.0,757570.0
2024-08-02 11:30:00,767.795,771.374,771.414,766.284,29511.0,2263265100.0,756479.0
2024-08-02 13:45:00,771.62,770.72,773.985,768.771,36785.0,2831551500.0,754954.0
2024-08-02 14:00:00,770.996,772.159,774.428,770.275,19423.0,1495918250.0,755684.0
2024-08-02 14:15:00,772.221,776.826,777.662,771.913,30523.0,2361841850.0,753007.0
2024-08-02 14:30:00,777.32,775.557,778.753,774.554,36462.0,2826618800.0,751939.0
2024-08-02 14:45:00,775.984,779.624,781.775,775.754,44512.0,3462579800.0,747563.0
2024-08-02 15:00:00,779.924,784.232,784.531,778.553,51482.0,4018514250.0,739197.0
2024-08-02 21:15:00,777.757,776.911,781.178,773.727,66189.0,5136131100.0,742679.0
2024-08-02 21:30:00,777.035,778.188,780.24,774.99,24119.0,1874403500.0,743032.0
2024-08-02 21:45:00,778.045,776.353,778.496,775.713,16006.0,1243875450.0,742692.0
2024-08-02 22:00:00,776.434,777.083,777.501,775.734,7629.0,593008250.0,742004.0
2024-08-02 22:15:00,776.756,775.479,778.501,774.594,16813.0,1301870400.0,742692.0
2024-08-02 22:30:00,775.458,775.457,776.7,774.006,13288.0,1029345150.0,741689.0
2024-08-02 22:45:00,775.696,772.836,775.881,771.773,21975.0,1693833550.0,741606.0
2024-08-02 23:00:00,772.381,767.778,772.62,767.11,36018.0,2765906300.0,734234.0
2024-08-05 09:15:00,767.691,773.722,774.236,765.095,57014.0,4381146750.0,739069.0
2024-08-05 09:30:00,773.941,778.129,779.558,773.423,39477.0,3064366300.0,737242.0
2024-08-05 09:45:00,778.067,777.262,780.49,777.122,28266.0,2200892200.0,738948.0
2024-08-05 10:00:00,777.578,777.432,780.667,777.017,20630.0,1602397450.0,737407.0
2024-08-05 10:15:00,777.165,774.955,777.948,774.361,17449.0,1351479400.0,736626.0
2024-08-05 10:45:00,775.529,779.11,779.809,775.298,14616.0,1134250600.0,737003.0
2024-08-05 11:00:00,778.947,780.712,781.813,778.911,16074.0,1251537800.0,736673.0
2024-08-05 11:15:00,780.976,781.524,782.406,779.12,17233.0,1340904750.0,737516.0
2024-08-05 11:30:00,781.982,792.55,793.218,781.297,65487.0,5146701800.0,735107.0
2024-08-05 13:45:00,790.45,786.949,790.529,780.324,79819.0,6246763650.0,733592.0
2024-08-05 14:00:00,786.962,783.419,787.734,781.821,33861.0,2647130900.0,734684.0
2024-08-05 14:15:00,783.18,784.986,786.323,781.588,25096.0,1959793450.0,736503.0
2024-08-05 14:30:00,784.842,784.341,787.842,782.501,23941.0,1873300350.0,734373.0
2024-08-05 14:45:00,783.89,780.245,785.786,779.204,22645.0,1764230450.0,731861.0
2024-08-05 15:00:00,779.928,781.608,783.003,778.479,26216.0,2040536500.0,730001.0
2024-08-05 21:15:00,775.61,776.594,780.028,771.784,60514.0,4691965550.0,731029.0
2024-08-05 21:30:00,776.818,774.748,778.117,772.795,32579.0,2516738650.0,732755.0
2024-08-05 21:45:00,774.697,777.592,780.222,774.264,22821.0,1770818200.0,731880.0
2024-08-05 22:00:00,777.692,778.355,780.594,777.692,14400.0,1120620400.0,730327.0
2024-08-05 22:15:00,778.34,777.886,779.894,776.584,11456.0,889524950.0,730466.0
2024-08-05 22:30:00,777.465,777.469,779.745,777.05,7734.0,601142700.0,730247.0
2024-08-05 22:45:00,777.435,779.025,780.485,777.02,8670.0,674526850.0,729731.0
2024-08-05 23:00:00,779.119,778.597,779.784,778.075,8877.0,689326150.0,727833.0
2024-08-06 09:15:00,780.806,779.677,785.749,779.263,44120.0,3447523950.0,730444.0
2024-08-06 09:30:00,779.777,778.049,780.986,775.848,31752.0,2464032850.0,729582.0
2024-08-06 09:45:00,778.09,774.108,778.417,773.728,32446.0,2507142400.0,732385.0
2024-08-06 10:00:00,774.089,777.471,779.012,773.612,21489.0,1663550850.0,731283.0
2024-08-06 10:15:00,777.312,770.914,777.909,770.914,23590.0,1819414400.0,729486.0
2024-08-06 10:45:00,771.342,772.038,774.025,770.399,23974.0,1846972450.0,729229.0
2024-08-06 11:00:00,772.288,773.003,775.247,771.939,15379.0,1188349550.0,727440.0
2024-08-06 11:15:00,773.018,768.859,776.706,768.825,31080.0,2392074650.0,726238.0
2024-08-06 11:30:00,768.868,770.138,772.67,768.858,31852.0,2440523100.0,725606.0
2024-08-06 13:45:00,769.04,767.699,770.843,766.199,36732.0,2814275000.0,726298.0
2024-08-06 14:00:00,767.488,765.661,767.65,761.975,55070.0,4201175950.0,728927.0
2024-08-06 14:15:00,765.707,765.133,767.477,763.693,17671.0,1349385250.0,729252.0
2024-08-06 14:30:00,764.894,771.402,772.747,763.751,36185.0,2773570300.0,728412.0
2024-08-06 14:45:00,771.589,770.927,775.853,770.178,32902.0,2534168400.0,725635.0
2024-08-06 15:00:00,770.417,769.055,770.837,766.631,34989.0,2685288100.0,723154.0
2024-08-06 21:15:00,770.517,766.981,770.517,766.288,36883.0,2826254550.0,728599.0
2024-08-06 21:30:00,767.083,760.602,767.118,758.29,62973.0,4790916600.0,735415.0
2024-08-06 21:45:00,760.424,760.287,762.622,759.946,20386.0,1547924750.0,734661.0
2024-08-06 22:00:00,760.187,763.042,763.195,760.066,12029.0,915664350.0,734132.0
2024-08-06 22:15:00,762.734,768.516,769.812,761.872,36165.0,2766104050.0,730117.0
2024-08-06 22:30:00,768.128,765.867,768.186,764.793,14051.0,1073066300.0,730089.0
2024-08-06 22:45:00,766.095,765.709,766.376,763.094,16995.0,1294130400.0,731436.0
2024-08-06 23:00:00,765.626,766.529,767.808,764.165,14138.0,1077811700.0,729074.0
2024-08-07 09:15:00,765.444,764.74,765.93,762.725,20720.0,1579073150.0,729444.0
2024-08-07 09:30:00,764.568,764.132,765.325,761.766,13786.0,1049224150.0,731479.0
2024-08-07 09:45:00,763.611,762.406,766.126,760.706,19995.0,1520149100.0,731749.0
2024-08-07 10:00:00,762.626,770.753,770.762,762.212,33086.0,2529238300.0,729994.0
2024-08-07 10:15:00,770.815,769.707,772.048,768.439,22975.0,1761600500.0,728410.0
2024-08-07 10:45:00,770.414,770.315,771.278,768.323,13968.0,1072051200.0,727021.0
2024-08-07 11:00:00,770.189,768.218,772.78,767.699,18012.0,1382752650.0,727276.0
2024-08-07 11:15:00,768.339,765.471,769.83,764.031,16758.0,1278671500.0,726862.0
2024-08-07 11:30:00,765.53,762.789,766.141,761.645,21022.0,1597498150.0,727519.0
2024-08-07 13:45:00,763.316,761.439,765.116,760.418,35903.0,2728896450.0,728995.0
2024-08-07 14:00:00,761.312,760.234,762.413,759.642,18952.0,1435801850.0,731114.0
2024-08-07 14:15:00,760.382,761.412,762.623,759.456,17382.0,1316539700.0,731374.0
2024-08-07 14:30:00,761.457,760.137,763.824,760.016,15073.0,1143435100.0,731260.0
2024-08-07 14:45:00,760.15,757.521,760.846,757.224,34567.0,2612039450.0,731671.0
2024-08-07 15:00:00,757.289,756.098,759.002,753.522,97663.0,7446316700.0,735788.0
2024-08-07 21:15:00,756.706,751.658,757.773,750.74,61678.0,4651635000.0,740577.0
2024-08-07 21:30:00,751.916,753.665,754.143,750.637,21758.0,1633155900.0,742730.0
2024-08-07 21:45:00,753.228,756.626,756.949,752.412,23771.0,1786957500.0,741088.0
2024-08-07 22:00:00,756.662,753.787,757.898,753.75,15563.0,1174155650.0,741120.0
2024-08-07 22:15:00,753.913,751.748,754.127,751.625,10408.0,781999500.0,741957.0
2024-08-07 22:30:00,751.787,753.6,753.948,751.22,10288.0,769174350.0,742697.0
2024-08-07 22:45:00,753.715,755.549,756.529,751.86,14192.0,1064177850.0,744031.0
2024-08-07 23:00:00,755.655,757.579,758.339,755.194,17322.0,1304226900.0,739627.0
2024-08-08 09:15:00,756.691,749.398,757.068,749.021,34877.0,2614809250.0,744534.0
2024-08-08 09:30:00,749.257,749.563,753.191,748.511,23073.0,1725112400.0,745932.0
2024-08-08 09:45:00,749.695,746.55,750.652,746.436,28451.0,2118917450.0,751540.0
2024-08-08 10:00:00,746.414,745.752,747.885,744.129,31599.0,2346499650.0,755630.0
2024-08-08 10:15:00,745.51,745.291,746.704,743.585,23716.0,1757451850.0,757605.0
2024-08-08 10:45:00,745.575,746.615,747.153,743.382,21247.0,1577418900.0,759587.0
2024-08-08 11:00:00,746.63,747.58,749.751,745.257,24255.0,1804186100.0,758860.0
2024-08-08 11:15:00,747.693,749.246,750.25,747.543,20468.0,1524702400.0,760140.0
2024-08-08 11:30:00,749.293,743.148,750.298,742.791,26981.0,2002327950.0,762478.0
2024-08-08 13:45:00,742.053,736.232,742.585,735.547,83726.0,6160936750.0,773969.0
2024-08-08 14:00:00,735.789,738.526,739.569,735.374,33689.0,2472934100.0,774761.0
2024-08-08 14:15:00,738.123,737.031,739.574,736.631,19186.0,1409920000.0,774813.0
2024-08-08 14:30:00,736.854,736.046,738.563,736.004,17681.0,1295767850.0,776898.0
2024-08-08 14:45:00,736.065,736.21,737.269,734.574,25186.0,1843554250.0,778968.0
2024-08-08 15:00:00,736.043,736.736,738.815,735.666,27897.0,2052103550.0,774186.0
2024-08-08 21:15:00,739.752,739.19,742.515,738.093,64337.0,4749022050.0,779181.0
2024-08-08 21:30:00,739.202,741.473,742.499,738.156,22382.0,1651627800.0,781215.0
2024-08-08 21:45:00,741.553,741.771,743.89,740.819,20413.0,1508495300.0,779350.0
2024-08-08 22:00:00,741.904,741.696,742.39,741.048,9181.0,677449200.0,778377.0
2024-08-08 22:15:00,741.588,742.387,743.365,741.188,12251.0,904345800.0,779526.0
2024-08-08 22:30:00,742.051,743.922,744.003,741.559,8254.0,610399400.0,779161.0
2024-08-08 22:45:00,743.991,742.33,746.178,742.233,22256.0,1647525400.0,776500.0
2024-08-08 23:00:00,742.212,737.706,742.49,737.249,26689.0,1964204400.0,777996.0
2024-08-09 09:15:00,739.402,742.435,742.768,738.607,26348.0,1943689550.0,778017.0
2024-08-09 09:30:00,742.595,743.131,744.406,742.205,18282.0,1351127650.0,776224.0
2024-08-09 09:45:00,743.57,751.846,752.125,742.917,49788.0,3710278050.0,771141.0
2024-08-09 10:00:00,752.157,749.208,752.254,748.427,24959.0,1862817200.0,769257.0
2024-08-09 10:15:00,749.367,748.872,749.367,746.098,18779.0,1397401350.0,769221.0
2024-08-09 10:45:00,748.541,751.682,752.365,748.541,27308.0,2036924050.0,768883.0
2024-08-09 11:00:00,751.531,755.264,758.008,751.012,54812.0,4115681150.0,762253.0
2024-08-09 11:15:00,755.384,760.786,762.27,754.549,52349.0,3960912200.0,757638.0
2024-08-09 11:30:00,761.177,755.676,761.901,754.242,38344.0,2893540750.0,755369.0
2024-08-09 13:45:00,755.444,752.633,755.595,751.929,30596.0,2294569700.0,756153.0
2024-08-09 14:00:00,752.224,753.71,754.072,750.685,19148.0,1433197250.0,757033.0
2024-08-09 14:15:00,753.307,752.702,756.149,751.676,18998.0,1424758000.0,758457.0
2024-08-09 14:30:00,752.585,749.567,753.035,748.227,25258.0,1883491000.0,760558.0
2024-08-09 14:45:00,749.247,747.918,750.382,747.441,17674.0,1315579200.0,760749.0
2024-08-09 15:00:00,747.904,748.094,750.133,747.125,24476.0,1824247050.0,756734.0
2024-08-09 21:15:00,749.724,750.977,753.375,749.301,36568.0,2736991750.0,757994.0
2024-08-09 21:30:00,750.702,751.714,753.449,749.13,21360.0,1599686900.0,759197.0
2024-08-09 21:45:00,751.846,749.806,752.585,747.808,17266.0,1288690650.0,757620.0
2024-08-09 22:00:00,749.658,748.565,751.093,747.595,18410.0,1371694150.0,757259.0
2024-08-09 22:15:00,748.496,748.491,749.797,747.161,12245.0,911569150.0,757960.0
2024-08-09 22:30:00,748.449,748.492,751.882,748.076,12589.0,939099800.0,757438.0
2024-08-09 22:45:00,748.704,743.78,749.532,743.54,23471.0,1741824650.0,758410.0
2024-08-09 23:00:00,743.972,740.992,744.845,740.19,39524.0,2920005300.0,755913.0
2024-08-12 09:15:00,738.494,740.243,743.714,736.571,61259.0,4515142000.0,757859.0
2024-08-12 09:30:00,740.62,744.56,745.421,739.228,27692.0,2050778900.0,757337.0
2024-08-12 09:45:00,744.601,738.962,744.601,736.705,32655.0,2400813700.0,759242.0
2024-08-12 10:00:00,738.395,734.923,738.395,733.911,36696.0,2686230450.0,764720.0
2024-08-12 10:15:00,735.015,735.399,735.683,732.41,24465.0,1787269400.0,766313.0
2024-08-12 10:45:00,735.205,736.891,737.286,733.601,21321.0,1562087400.0,764875.0
2024-08-12 11:00:00,736.673,737.987,740.084,736.673,22656.0,1664826400.0,762019.0
2024-08-12 11:15:00,738.337,736.627,738.618,735.529,11020.0,808174200.0,762745.0
2024-08-12 11:30:00,736.477,736.369,741.275,735.435,18130.0,1332016650.0,762799.0
2024-08-12 13:45:00,736.089,737.069,738.437,735.154,14864.0,1088629000.0,764579.0
2024-08-12 14:00:00,737.397,734.587,737.528,733.633,15176.0,1109992000.0,766776.0
2024-08-12 14:15:00,734.95,733.78,735.858,733.531,11263.0,823343750.0,768728.0
2024-08-12 14:30:00,733.739,734.403,736.905,732.762,14415.0,1053629400.0,769782.0
2024-08-12 14:45:00,734.459,734.218,736.655,732.744,13199.0,963922550.0,770814.0
2024-08-12 15:00:00,734.232,740.503,742.325,734.009,41120.0,3022131400.0,764424.0
2024-08-12 21:15:00,740.284,734.85,740.559,734.749,36931.0,2713417600.0,771427.0
2024-08-12 21:30:00,734.903,736.995,739.207,734.529,22021.0,1617511400.0,773441.0
2024-08-12 21:45:00,737.298,744.637,747.139,736.672,69563.0,5159512450.0,765883.0
2024-08-12 22:00:00,744.559,746.94,747.837,743.139,30496.0,2265104800.0,765282.0
2024-08-12 22:15:00,747.383,745.451,749.628,744.542,33054.0,2458774750.0,764727.0
2024-08-12 22:30:00,745.319,742.605,745.361,742.562,19170.0,1417463400.0,767197.0
2024-08-12 22:45:00,742.916,743.604,744.52,742.91,10725.0,793044600.0,768325.0
2024-08-12 23:00:00,743.648,748.054,748.347,743.11,21455.0,1592961300.0,765591.0
2024-08-13 09:15:00,748.467,751.476,755.412,748.467,65585.0,4911029150.0,761850.0
2024-08-13 09:30:00,751.766,752.785,757.144,751.476,37213.0,2794163700.0,759419.0
2024-08-13 09:45:00,752.896,751.124,754.053,750.421,17880.0,1337187300.0,760186.0
2024-08-13 10:00:00,750.828,750.54,751.616,748.912,17805.0,1330220750.0,759467.0
2024-08-13 10:15:00,750.542,748.205,750.583,745.988,26419.0,1965864100.0,758966.0
2024-08-13 10:45:00,747.892,744.861,748.291,744.519,20355.0,1512344150.0,760667.0
2024-08-13 11:00:00,745.028,744.173,746.731,743.289,20531.0,1522396550.0,760542.0
2024-08-13 11:15:00,744.076,740.654,745.087,740.124,30714.0,2267276200.0,762606.0
2024-08-13 11:30:00,740.488,737.353,741.914,736.586,29100.0,2139288400.0,763699.0
2024-08-13 13:45:00,736.656,736.137,737.414,734.279,35116.0,2570753500.0,764266.0
2024-08-13 14:00:00,736.305,733.942,737.771,733.85,20119.0,1475653000.0,764325.0
2024-08-13 14:15:00,733.882,736.639,739.335,733.882,23836.0,1751689400.0,764120.0
2024-08-13 14:30:00,736.899,741.903,743.215,736.547,37342.0,2750876300.0,759406.0
2024-08-13 14:45:00,741.718,741.825,741.867,737.124,26748.0,1968782300.0,759329.0
2024-08-13 15:00:00,741.852,740.515,741.852,737.972,29659.0,2186394200.0,753912.0
2024-08-13 21:15:00,736.252,728.676,736.252,726.333,94652.0,6879759900.0,769027.0
2024-08-13 21:30:00,728.676,726.676,730.392,725.25,43211.0,3130984400.0,775634.0
2024-08-13 21:45:00,726.572,724.128,726.888,722.046,56628.0,4075530600.0,778565.0
2024-08-13 22:00:00,724.147,725.048,726.501,724.103,20289.0,1464271850.0,777011.0
2024-08-13 22:15:00,725.0,726.085,726.859,724.598,12390.0,894206250.0,777327.0
2024-08-13 22:30:00,726.098,729.255,731.785,725.234,28909.0,2095270800.0,773330.0
2024-08-13 22:45:00,728.909,731.006,731.252,726.739,22419.0,1624217000.0,773462.0
2024-08-13 23:00:00,730.792,725.897,731.468,725.897,20361.0,1474482700.0,771077.0
2024-08-14 09:15:00,727.329,722.625,728.051,721.465,49401.0,3559771950.0,776445.0
2024-08-14 09:30:00,722.59,728.923,729.944,722.252,39000.0,2819067550.0,773172.0
2024-08-14 09:45:00,728.914,733.746,734.161,727.802,37126.0,2699714950.0,770304.0
2024-08-14 10:00:00,733.949,728.727,737.818,727.573,54420.0,3967154350.0,768101.0
2024-08-14 10:15:00,728.252,726.412,729.138,726.251,21122.0,1528891650.0,768059.0
2024-08-14 10:45:00,726.555,724.9,726.572,723.292,25840.0,1865400100.0,770009.0
2024-08-14 11:00:00,724.69,723.229,726.388,722.216,26805.0,1934235850.0,772258.0
2024-08-14 11:15:00,723.389,722.143,725.159,721.718,19567.0,1410654250.0,773267.0
2024-08-14 11:30:00,722.438,720.528,723.531,719.46,37482.0,2694649850.0,773630.0
2024-08-14 13:45:00,718.775,714.901,720.408,714.894,59543.0,4256565550.0,779175.0
2024-08-14 14:00:00,715.048,718.4,719.841,714.416,38785.0,2771566550.0,778692.0
2024-08-14 14:15:00,718.857,718.758,721.719,716.79,29108.0,2086749200.0,778268.0
2024-08-14 14:30:00,718.743,714.684,719.771,714.64,22491.0,1605459200.0,780921.0
2024-08-14 14:45:00,715.105,713.102,715.477,712.192,35158.0,2499186200.0,782339.0
2024-08-14 15:00:00,713.196,718.491,720.903,711.876,61825.0,4420742750.0,774066.0
2024-08-14 21:15:00,717.369,719.48,720.752,716.2,54466.0,3901174350.0,776736.0
2024-08-14 21:30:00,719.526,714.322,719.875,713.149,38167.0,2725978950.0,781580.0
2024-08-14 21:45:00,713.832,714.497,715.846,712.625,24297.0,1729439050.0,784834.0
2024-08-14 22:00:00,714.545,716.05,718.28,713.643,17125.0,1222512400.0,786009.0
2024-08-14 22:15:00,715.963,717.386,717.792,715.353,10148.0,724812050.0,785675.0
2024-08-14 22:30:00,717.416,717.894,719.894,715.981,17317.0,1239044550.0,783466.0
2024-08-14 22:45:00,717.855,717.814,718.738,716.881,9593.0,685014450.0,783048.0
2024-08-14 23:00:00,717.88,716.807,718.793,716.441,10666.0,761496150.0,780816.0
2024-08-15 09:15:00,715.72,706.713,715.72,706.573,69281.0,4902527800.0,793312.0
2024-08-15 09:30:00,706.653,704.938,709.356,704.413,38863.0,2737404350.0,797306.0
2024-08-15 09:45:00,704.786,706.56,707.765,703.879,34465.0,2420928900.0,800775.0
2024-08-15 10:00:00,706.845,709.899,711.262,705.576,30833.0,2179456600.0,798429.0
2024-08-15 10:15:00,710.311,710.474,711.842,702.497,56471.0,3974130250.0,801214.0
2024-08-15 10:45:00,711.21,715.379,720.258,711.21,85816.0,6120746950.0,790547.0
2024-08-15 11:00:00,715.297,710.773,715.666,710.577,28621.0,2027848500.0,793323.0
2024-08-15 11:15:00,710.917,707.888,714.089,706.335,31859.0,2254045800.0,798030.0
2024-08-15 11:30:00,707.824,702.522,708.845,700.579,51794.0,3635992900.0,807653.0
2024-08-15 13:45:00,701.166,700.169,701.952,698.342,48955.0,3425113350.0,815032.0
2024-08-15 14:00:00,699.472,697.775,700.277,695.22,45367.0,3157721650.0,822805.0
2024-08-15 14:15:00,698.083,699.373,701.436,695.077,44687.0,3115498150.0,820420.0
2024-08-15 14:30:00,699.178,704.546,706.664,698.721,65251.0,4576746050.0,810579.0
2024-08-15 14:45:00,704.481,701.237,705.086,698.008,34470.0,2410537850.0,810979.0
2024-08-15 15:00:00,701.3,706.706,708.032,699.902,57497.0,4040394750.0,795163.0
2024-08-15 21:15:00,707.604,709.021,710.535,702.568,86001.0,6063662500.0,800745.0
2024-08-15 21:30:00,709.034,714.374,716.555,709.034,71890.0,5119219100.0,793757.0
2024-08-15 21:45:00,714.446,711.874,714.861,710.949,31428.0,2235699200.0,795139.0
2024-08-15 22:00:00,712.228,712.254,715.171,710.903,23918.0,1700220050.0,797315.0
2024-08-15 22:15:00,712.261,711.332,714.075,711.308,13937.0,990016600.0,797213.0
2024-08-15 22:30:00,711.377,715.858,716.65,711.024,24171.0,1722776100.0,796322.0
2024-08-15 22:45:00,715.351,719.051,721.481,714.94,62695.0,4495800650.0,785530.0
2024-08-15 23:00:00,718.934,717.948,721.875,716.364,28213.0,2024470300.0,781292.0
2024-08-16 09:15:00,716.283,713.416,717.733,711.86,42082.0,3001466050.0,782099.0
2024-08-16 09:30:00,713.367,715.528,715.587,710.993,21336.0,1518403600.0,782291.0
2024-08-16 09:45:00,715.431,714.695,715.536,712.182,15881.0,1133072400.0,781830.0
2024-08-16 10:00:00,714.645,717.539,717.845,712.499,22308.0,1593182000.0,781081.0
2024-08-16 10:15:00,717.855,715.322,718.351,714.507,20078.0,1437366350.0,781059.0
2024-08-16 10:45:00,715.234,708.417,715.385,707.042,42978.0,3047288400.0,784253.0
2024-08-16 11:00:00,708.031,709.297,709.789,706.714,29159.0,2063329500.0,786714.0
2024-08-16 11:15:00,709.176,705.798,709.176,704.848,27039.0,1904870500.0,789868.0
2024-08-16 11:30:00,705.795,702.798,707.616,702.641,24518.0,1724986050.0,793218.0
2024-08-16 13:45:00,702.549,705.409,705.409,700.586,39836.0,2797395700.0,797546.0
2024-08-16 14:00:00,705.449,702.555,706.956,701.071,30509.0,2143891100.0,799300.0
2024-08-16 14:15:00,702.654,701.078,705.83,699.63,26227.0,1841442400.0,801781.0
2024-08-16 14:30:00,700.601,701.757,702.98,699.198,24267.0,1697261250.0,803594.0
2024-08-16 14:45:00,701.964,700.527,704.839,699.96,22482.0,1576323150.0,804292.0
2024-08-16 15:00:00,700.434,699.426,702.701,699.044,30236.0,2112880650.0,802453.0
2024-08-16 21:15:00,697.055,693.551,697.055,690.56,87007.0,6022337050.0,817523.0
2024-08-16 21:30:00,693.614,695.982,697.012,691.08,36535.0,2531715350.0,818735.0
2024-08-16 21:45:00,696.036,694.71,697.291,692.81,26412.0,1832003800.0,818674.0
2024-08-16 22:00:00,694.839,696.801,698.025,693.872,23024.0,1600199150.0,817363.0
2024-08-16 22:15:00,696.865,703.929,704.595,696.49,50362.0,3522539050.0,809861.0
2024-08-16 22:30:00,703.648,708.471,708.886,703.091,59106.0,4168383250.0,807251.0
2024-08-16 22:45:00,708.616,704.404,708.616,703.272,35877.0,2528932600.0,807956.0
2024-08-16 23:00:00,704.187,705.325,706.489,704.07,22412.0,1577630200.0,803924.0
2024-08-19 09:15:00,705.385,706.286,711.597,702.694,71712.0,5062395650.0,800971.0
2024-08-19 09:30:00,706.295,707.164,710.915,705.278,31242.0,2210480100.0,799770.0
2024-08-19 09:45:00,707.28,711.665,712.623,706.682,32458.0,2303250550.0,798577.0
2024-08-19 10:00:00,711.329,708.982,713.828,708.237,30287.0,2151825800.0,797583.0
2024-08-19 10:15:00,709.348,706.63,709.608,705.659,18372.0,1298629000.0,798642.0
2024-08-19 10:45:00,706.167,705.673,706.539,703.676,21181.0,1491065400.0,800866.0
2024-08-19 11:00:00,705.516,705.795,706.252,703.425,15636.0,1099956800.0,801827.0
2024-08-19 11:15:00,705.467,704.838,708.756,704.735,15671.0,1105677150.0,801414.0
2024-08-19 11:30:00,704.799,704.365,707.124,704.247,7744.0,545913350.0,801350.0
2024-08-19 13:45:00,704.259,705.333,706.786,702.752,20128.0,1416930900.0,802009.0
2024-08-19 14:00:00,704.92,706.496,708.01,704.028,15373.0,1083977100.0,804059.0
2024-08-19 14:15:00,706.846,711.024,712.083,706.069,26184.0,1855007000.0,804368.0
2024-08-19 14:30:00,711.517,710.062,713.0,707.73,30459.0,2163486500.0,802238.0
2024-08-19 14:45:00,710.145,711.87,713.031,709.131,15627.0,1109692600.0,801484.0
2024-08-19 15:00:00,712.207,713.753,716.325,712.207,46204.0,3295130400.0,791731.0
2024-08-19 21:15:00,713.997,715.714,718.929,713.997,68799.0,4925175950.0,793975.0
2024-08-19 21:30:00,715.806,715.843,717.132,713.54,24038.0,1717893400.0,796507.0
2024-08-19 21:45:00,715.891,717.085,717.446,714.238,16048.0,1148418150.0,797368.0
2024-08-19 22:00:00,717.432,716.925,718.065,715.673,13691.0,981177900.0,798462.0
2024-08-19 22:15:00,716.567,716.247,717.777,715.791,13279.0,954005450.0,797337.0
2024-08-19 22:30:00,716.184,714.339,716.588,712.972,17408.0,1241545000.0,799126.0
2024-08-19 22:45:00,714.239,711.963,714.763,711.065,19323.0,1374620300.0,801371.0
2024-08-19 23:00:00,712.222,712.839,714.801,711.866,14229.0,1013275100.0,798246.0
2024-08-20 09:15:00,713.045,713.173,715.432,712.242,21444.0,1529543250.0,798068.0
2024-08-20 09:30:00,712.889,710.989,713.276,709.512,19823.0,1407882200.0,800776.0
2024-08-20 09:45:00,711.199,709.432,711.306,708.085,20649.0,1464167600.0,804489.0
2024-08-20 10:00:00,709.373,708.752,710.295,707.308,19448.0,1377152400.0,805857.0
2024-08-20 10:15:00,708.422,709.93,711.303,707.849,16350.0,1159593150.0,805568.0
2024-08-20 10:45:00,709.841,709.346,710.332,707.018,13124.0,929264650.0,805890.0
2024-08-20 11:00:00,709.468,710.271,710.748,708.458,9847.0,697980150.0,806189.0
2024-08-20 11:15:00,709.97,708.46,710.757,707.478,13905.0,984262450.0,805670.0
2024-08-20 11:30:00,708.512,708.242,708.87,705.43,22359.0,1577715100.0,805221.0
2024-08-20 13:45:00,707.748,706.507,710.788,706.362,19333.0,1366876850.0,805301.0
2024-08-20 14:00:00,706.367,709.278,709.8,705.71,17341.0,1226075250.0,806288.0
2024-08-20 14:15:00,709.325,706.811,710.2,706.375,19655.0,1390742350.0,806897.0
2024-08-20 14:30:00,706.759,706.225,707.766,702.452,46852.0,3298551000.0,810841.0
2024-08-20 14:45:00,706.208,707.925,709.279,705.847,20361.0,1439880600.0,810074.0
2024-08-20 15:00:00,708.053,711.787,714.059,707.959,51987.0,3698037450.0,802677.0
2024-08-20 21:15:00,717.77,721.654,724.597,717.77,103014.0,7419093650.0,797034.0
2024-08-20 21:30:00,722.152,723.005,723.519,720.131,31625.0,2283293700.0,799725.0
2024-08-20 21:45:00,723.047,719.954,723.047,719.863,22077.0,1591235000.0,800280.0
2024-08-20 22:00:00,720.008,723.986,724.35,719.073,22432.0,1617710200.0,801633.0
2024-08-20 22:15:00,723.917,725.13,725.576,723.019,26545.0,1921290450.0,802628.0
2024-08-20 22:30:00,725.556,726.24,727.318,724.112,31743.0,2302992650.0,800098.0
2024-08-20 22:45:00,726.365,724.225,726.365,723.814,12756.0,924101900.0,800233.0
2024-08-20 23:00:00,723.937,722.816,725.16,722.365,18198.0,1316119100.0,796851.0
2024-08-21 09:15:00,723.09,722.208,724.285,720.055,36119.0,2604215250.0,797114.0
2024-08-21 09:30:00,722.072,722.8,723.489,721.124,16561.0,1197177400.0,797495.0
2024-08-21 09:45:00,722.857,724.269,724.414,722.339,15504.0,1120985150.0,797314.0
2024-08-21 10:00:00,724.256,723.61,725.271,722.96,15075.0,1090846750.0,798805.0
2024-08-21 10:15:00,723.41,724.616,725.698,723.011,13375.0,968319800.0,798542.0
2024-08-21 10:45:00,724.738,724.761,726.585,723.885,12648.0,916656150.0,798863.0
2024-08-21 11:00:00,724.696,726.709,726.764,722.967,12064.0,873397700.0,798763.0
2024-08-21 11:15:00,726.896,731.178,731.914,726.849,55797.0,4069624100.0,800437.0
2024-08-21 11:30:00,731.214,734.789,735.256,729.975,44677.0,3271078150.0,797751.0
2024-08-21 13:45:00,736.253,737.15,737.645,734.629,46773.0,3441114650.0,792865.0
2024-08-21 14:00:00,737.522,735.119,737.522,734.119,22055.0,1621207800.0,793541.0
2024-08-21 14:15:00,735.213,734.496,736.872,733.487,20265.0,1489429100.0,792543.0
2024-08-21 14:30:00,734.403,737.34,738.429,733.232,23348.0,1720625750.0,790232.0
2024-08-21 14:45:00,737.659,736.929,739.109,736.737,15334.0,1131965650.0,788736.0
2024-08-21 15:00:00,737.042,742.766,744.374,736.874,64978.0,4811633100.0,778566.0
2024-08-21 21:15:00,739.784,739.501,742.778,738.043,53317.0,3949987500.0,781102.0
2024-08-21 21:30:00,739.376,739.498,741.347,738.92,16674.0,1234487550.0,782467.0
2024-08-21 21:45:00,739.834,739.371,740.426,738.924,11215.0,829348800.0,783112.0
2024-08-21 22:00:00,739.072,739.827,739.91,737.945,10074.0,743904400.0,783263.0
2024-08-21 22:15:00,739.631,740.566,740.566,736.873,20249.0,1494372050.0,784000.0
2024-08-21 22:30:00,740.61,739.5,740.723,739.376,9430.0,697664800.0,782877.0
2024-08-21 22:45:00,739.845,739.377,740.885,739.013,7900.0,584446950.0,782086.0
2024-08-21 23:00:00,739.433,737.463,739.433,736.802,13890.0,1025124150.0,777932.0
2024-08-22 09:15:00,737.425,735.755,739.668,735.019,36654.0,2698743100.0,773974.0
2024-08-22 09:30:00,735.78,736.861,736.892,734.847,18256.0,1343067300.0,774556.0
2024-08-22 09:45:00,736.811,734.243,737.221,733.918,16220.0,1193465150.0,774761.0
2024-08-22 10:00:00,734.352,734.378,736.153,733.855,14276.0,1049372150.0,774464.0
2024-08-22 10:15:00,734.379,736.281,737.21,734.225,14052.0,1033171000.0,772567.0
2024-08-22 10:45:00,736.717,738.753,739.25,736.368,18701.0,1378715500.0,771083.0
2024-08-22 11:00:00,738.71,739.705,740.818,737.492,16430.0,1215803900.0,770765.0
2024-08-22 11:15:00,739.862,746.686,746.741,739.268,42841.0,3187051950.0,768015.0
2024-08-22 11:30:00,746.742,739.587,748.345,739.548,49147.0,3657066900.0,767450.0
2024-08-22 13:45:00,740.209,736.565,742.313,736.531,45583.0,3366313700.0,769782.0
2024-08-22 14:00:00,736.486,734.154,736.486,733.533,46324.0,3397805250.0,775119.0
2024-08-22 14:15:00,733.923,730.924,735.803,730.924,38142.0,2790522700.0,775629.0
2024-08-22 14:30:00,730.887,731.457,734.122,730.25,31284.0,2286339300.0,772952.0
2024-08-22 14:45:00,731.271,729.976,733.344,729.54,27030.0,1974629850.0,773619.0
2024-08-22 15:00:00,729.963,731.558,733.909,728.614,39199.0,2862630500.0,768012.0
2024-08-22 21:15:00,729.75,732.584,733.49,726.485,56020.0,4087704000.0,771156.0
2024-08-22 21:30:00,732.402,725.143,733.216,724.667,38668.0,2810925100.0,775717.0
2024-08-22 21:45:00,725.122,727.21,727.578,723.619,32604.0,2363525550.0,779088.0
2024-08-22 22:00:00,727.146,726.649,728.908,726.237,14991.0,1089094350.0,779924.0
2024-08-22 22:15:00,726.504,724.487,726.504,723.901,15422.0,1119244950.0,779998.0
2024-08-22 22:30:00,724.466,725.898,726.095,723.247,18645.0,1351592750.0,781209.0
2024-08-22 22:45:00,725.816,723.063,725.96,721.998,22422.0,1622859500.0,782169.0
2024-08-22 23:00:00,723.405,728.586,728.994,723.09,29959.0,2176669900.0,776514.0
2024-08-23 09:15:00,728.136,725.722,730.917,725.665,28213.0,2053767050.0,777773.0
2024-08-23 09:30:00,725.501,728.947,729.314,725.185,15634.0,1136187900.0,778567.0
2024-08-23 09:45:00,728.663,730.043,731.957,727.184,26551.0,1936435000.0,778545.0
2024-08-23 10:00:00,729.955,724.482,729.955,724.346,19971.0,1450820550.0,778270.0
2024-08-23 10:15:00,724.753,725.859,726.247,723.787,17348.0,1256475450.0,777654.0
2024-08-23 10:45:00,725.805,725.762,727.215,724.949,12910.0,937830750.0,777828.0
2024-08-23 11:00:00,725.711,725.651,728.226,723.836,15594.0,1129965150.0,777435.0
2024-08-23 11:15:00,725.702,728.21,729.591,723.922,18444.0,1339795650.0,776526.0
2024-08-23 11:30:00,728.262,729.385,730.659,727.001,14367.0,1046708000.0,776220.0
2024-08-23 13:45:00,729.336,727.987,730.714,726.863,21512.0,1566907800.0,777097.0
2024-08-23 14:00:00,728.138,727.771,729.757,727.351,9314.0,678166800.0,777570.0
2024-08-23 14:15:00,727.387,724.377,729.232,724.349,20051.0,1452363750.0,776454.0
2024-08-23 14:30:00,724.408,724.731,726.178,723.386,22867.0,1654267500.0,777609.0
2024-08-23 14:45:00,725.092,728.806,728.978,724.777,19793.0,1437101550.0,775234.0
2024-08-23 15:00:00,728.712,720.914,728.712,720.296,51113.0,3691546350.0,772439.0
2024-08-23 21:15:00,720.692,717.546,721.812,715.291,61649.0,4422917700.0,775462.0
2024-08-23 21:30:00,717.202,716.229,718.175,716.202,14609.0,1045647400.0,778072.0
2024-08-23 21:45:00,716.273,717.119,718.68,716.173,13365.0,957722250.0,777691.0
2024-08-23 22:00:00,716.695,716.399,717.785,716.351,6965.0,499091850.0,778427.0
2024-08-23 22:15:00,716.441,726.754,727.696,716.441,58984.0,4258080800.0,775695.0
2024-08-23 22:30:00,727.193,727.054,728.963,722.807,46387.0,3360378600.0,777962.0
2024-08-23 22:45:00,727.147,735.756,735.809,726.333,62921.0,4597236200.0,772517.0
2024-08-23 23:00:00,735.517,727.944,738.314,727.392,77089.0,5640845350.0,768941.0
2024-08-26 09:15:00,730.604,736.737,740.594,730.604,78558.0,5787529300.0,765781.0
2024-08-26 09:30:00,736.893,734.809,738.536,733.095,28527.0,2099563300.0,765697.0
2024-08-26 09:45:00,734.597,733.957,735.288,732.011,16857.0,1236016450.0,769219.0
2024-08-26 10:00:00,733.985,738.215,738.589,733.668,22831.0,1680357750.0,770611.0
2024-08-26 10:15:00,738.476,736.627,741.554,736.193,32817.0,2420620200.0,769812.0
2024-08-26 10:45:00,736.583,737.932,737.956,734.699,19138.0,1406890000.0,770099.0
2024-08-26 11:00:00,737.733,738.179,740.02,737.227,12985.0,958172200.0,770596.0
2024-08-26 11:15:00,738.153,736.12,739.943,735.407,14255.0,1048395150.0,772090.0
2024-08-26 11:30:00,736.226,741.106,741.215,736.226,18394.0,1359020150.0,772284.0
2024-08-26 13:45:00,741.177,744.583,744.901,740.831,41576.0,3085392350.0,773205.0
2024-08-26 14:00:00,744.837,745.864,747.684,742.079,37141.0,2763011400.0,775314.0